Travel,Area,No ,Building,Pmp,Output
31.05000134,1976.70115,152.2059886,1.1,85,0
58.86184856,1484.559867,114.3111098,1.1,85,0
28.62054677,705.726564,54.34094543,1.1,85,1
45.71829788,332.882963,25.63198815,1.1,85,1
42.93102725,92.726723,7.139957671,1.1,85,1
32.58899161,374.580606,28.84270666,1.1,85,1
37.52210021,168.280614,12.95760728,1.1,85,1
16.91294315,1282.815835,98.7768193,1.1,85,0
29.9537722,3398.40423,261.6771257,1.1,85,0
28.99868286,1254.789137,96.61876355,1.1,85,0
28.62054677,1658.338598,127.692072,1.1,85,0
44.26152547,801.248524,61.69613635,1.1,85,1
67.24854906,1288.076751,99.18190983,1.1,85,0
43.79929792,198.727645,15.30202867,1.1,85,1
61.90294139,566.372736,43.61070067,1.1,85,1
41.28219438,454.193389,34.97289095,1.1,85,1
41.28219438,788.504839,60.7148726,1.1,85,1
35.70895808,1357.726902,104.5449715,1.1,85,0
76.11281265,57.025431,4.390958187,1.1,85,1
76.11281265,187.265778,14.41946491,1.1,85,1
53.457702,397.93384,30.64090568,1.1,85,1
63.27854188,268.289641,20.65830236,1.1,85,1
52.19248206,366.406712,28.21331682,1.1,85,1
57.37957482,289.605687,22.2996379,1.1,85,1
58.48026923,234.467211,18.05397525,1.1,85,1
65.02160646,297.242293,22.88765656,1.1,85,1
45.78432925,458.881327,35.33386218,1.1,85,1
55.09641013,479.198697,36.89829967,1.1,85,1
45.58450264,242.119193,18.64317786,1.1,85,1
28.99868286,466.094789,35.88929875,1.1,85,1
46.12908233,1555.930298,119.8066329,1.1,85,0
42.55469908,721.292154,55.53949586,1.1,85,1
51.55279868,143.124847,11.02061322,1.1,85,1
51.55279868,101.784111,7.837376547,1.1,85,1
13.80359016,418.637947,32.23512192,1.1,85,1
55.0742808,137.716912,10.60420222,1.1,85,1
45.36294195,162.381886,12.50340522,1.1,85,1
57.34370894,688.64384,53.02557568,1.1,85,1
35.44497236,386.564782,29.76548821,1.1,85,1
41.3138225,365.29599,28.12779123,1.1,85,1
34.27486044,247.267793,19.03962006,1.1,85,1
34.72966122,274.6945,21.1514765,1.1,85,1
46.55047319,278.627229,21.45429663,1.1,85,1
50.42314395,324.03146,24.95042242,1.1,85,1
61.49829248,300.462882,23.13564191,1.1,85,1
30.76529612,226.4005,17.4328385,1.1,85,1
41.23151908,390.408241,30.06143456,1.1,85,1
29.32949838,187.520636,14.43908897,1.1,85,1
40.08138266,372.51923,28.68398071,1.1,85,1
45.13726591,208.841271,16.08077787,1.1,85,1
52.32848317,324.815695,25.01080852,1.1,85,1
35.59951956,152.777704,11.76388321,1.1,85,1
54.10819721,312.065992,24.02908138,1.1,85,1
53.76325958,689.654733,53.10341444,1.1,85,1
62.79279681,506.243716,38.98076613,1.1,85,1
68.48800383,446.036471,34.34480827,1.1,85,1
39.45557594,827.556835,63.7218763,1.1,85,1
38.03450813,465.191434,35.81974042,1.1,85,1
51.95276644,455.8441,35.0999957,1.1,85,1
46.16815922,618.933757,47.65789929,1.1,85,1
34.1394295,865.194908,66.62000792,1.1,85,1
33.83730707,2293.540345,176.6026066,1.1,85,0
66.04095067,543.66304,41.86205408,1.1,85,1
38.53350044,321.617051,24.76451293,1.1,85,1
49.18438405,544.695805,41.94157699,1.1,85,1
41.93925054,819.990534,63.13927112,1.1,85,1
64.63567743,225.042728,17.32829006,1.1,85,1
30.76529612,241.16878,18.56999606,1.1,85,1
63.28670666,140.815217,10.84277171,1.1,85,1
46.43247582,555.719941,42.79043546,1.1,85,1
49.22310298,352.688182,27.15699001,1.1,85,1
18.95785283,1217.711155,93.76375894,1.1,85,0
37.89768958,80.948374,6.233024798,1.1,85,1
53.067982,423.933421,32.64287342,1.1,85,1
42.07572355,102.829912,7.917903224,1.1,85,1
41.36007747,60.214087,4.636484699,1.1,85,1
64.54965414,852.303558,65.62737397,1.1,85,1
29.95252484,212.45303,16.35888331,1.1,85,1
21.03010444,762.27085,58.69485545,1.1,85,1
64.40997662,369.23446,28.43105342,1.1,85,1
24.2417997,1489.584816,114.6980308,1.1,85,0
20.51579886,486.594181,37.46775194,1.1,85,1
47.85032851,389.417915,29.98517946,1.1,85,1
34.58731169,484.035838,37.27075953,1.1,85,1
14.03867009,328.873919,25.32329176,1.1,85,1
45.36294195,1300.361381,100.1278263,1.1,85,0
51.67146696,1180.22093,90.87701161,1.1,85,0
22.50153744,497.7278,38.3250406,1.2,85,1
23.55363895,304.084636,23.41451697,1.2,85,1
47.21946628,302.728297,23.31007887,1.2,85,1
51.43753822,129.04916,9.93678532,1.2,85,1
57.5938818,552.355323,42.53135987,1.2,85,1
39.21506423,1928.32545,148.4810597,1.2,85,0
44.19218034,1696.469905,130.6281827,1.2,85,0
45.36294195,235.431218,18.12820379,1.2,85,1
70.74280284,679.337407,52.30898034,1.2,85,1
51.43753822,129.04916,9.93678532,1.2,85,1
35.04916068,187.520636,14.43908897,1.2,85,1
50.96936519,1058.712327,81.52084918,1.2,85,0
57.79819315,762.417935,58.706181,1.2,85,1
22.50153744,189.529563,14.59377635,1.2,85,1
66.1657337,32.820049,2.527143773,1.2,85,1
32.2884645,2513.861808,193.5673592,1.3,85,0
24.71335311,1195.400505,92.04583889,1.3,85,0
46.80067551,378.6997714,29.1598824,1.3,85,1
38.79503575,1238.245379,95.34489418,1.3,85,0
32.08635484,1267.67796,97.61120292,1.3,85,0
47.52878957,473.025588,36.42297028,1.4,85,1
29.82939878,300.847171,23.16523217,1.4,85,1
42.71786766,1344.187397,103.5024296,1.4,85,0
22.75610032,1014.686691,78.13087521,1.4,85,0
50.91809412,324.023241,24.94978956,1.4,85,1
49.33344719,255.384948,19.664641,1.4,85,1
62.71145159,269.54037,20.75460849,1.4,85,1
41.22166632,638.083156,49.13240301,1.4,85,1
51.05187957,39.312328,3.027049256,1.4,85,1
56.99180686,103.698218,7.984762786,1.4,85,1
49.16016309,97.085807,7.475607139,1.4,85,1
61.83376156,1695.469411,130.5511446,1.4,85,0
48.09654455,1268.192308,97.65080772,1.5,85,0
32.13305308,492.561205,37.92721279,1.5,85,1
50.96032022,1003.979061,77.3063877,1.5,85,0
55.53955324,139.751649,10.76087697,1.5,85,1
53.45128228,247.576425,19.06338473,1.5,85,1
34.43523676,494.328401,38.06328688,1.7,85,1
53.13815892,229.416932,17.66510376,1.7,85,1
30.84176328,927.649216,71.42898963,1.7,85,1
31.6773246,541.416982,41.68910761,1.7,85,1
53.13815892,541.026516,41.65904173,1.7,85,1
51.97808447,679.86259,52.34941943,1.7,85,1
29.79713511,370.435258,28.52351487,1.7,85,1
29.06018365,806.816208,62.12484802,1.7,85,1
31.27822034,89.18763,6.86744751,1.7,85,1
33.39163273,2078.904643,160.0756575,1.7,85,0
34.71785614,193.863804,14.92751291,1.8,85,1
36.1189397,179.267535,13.8036002,1.9,85,1
53.52655115,382.890899,29.48259922,2.1,65,1
62.08438122,336.322619,25.89684166,2.1,65,1
28.62054677,324.815695,25.01080852,2.1,65,1
50.18038261,312.065263,24.02902525,2.1,65,1
46.52946397,535.303342,41.21835733,2.1,65,1
63.71710613,208.841271,16.08077787,2.1,65,1
28.00467061,386.564782,29.76548821,2.1,65,1
53.27350535,827.556835,63.7218763,2.1,65,1
65.77371904,506.243716,38.98076613,2.1,65,1
9.49405804,446.036964,34.34484623,2.1,65,1
57.31809999,570.105287,43.8981071,2.1,65,1
42.69144424,931.501423,71.72560957,2.1,65,1
41.78814678,465.191434,35.81974042,2.1,65,1
31.77295606,653.746061,50.3384467,2.1,65,1
41.74814631,262.160214,20.18633648,2.1,65,1
46.02627218,549.920468,42.34387604,2.1,65,1
54.03876404,618.933757,47.65789929,2.1,65,1
50.34778763,455.844184,35.10000217,2.1,65,1
47.37116542,454.128171,34.96786917,2.1,65,1
32.10490009,363.715531,28.00609589,2.1,65,1
41.28090015,989.368941,76.18140846,2.1,65,0
38.8803783,1086.346435,83.6486755,2.1,65,0
29.93966231,1020.810696,78.60242359,2.1,65,0
37.5422778,2293.540345,176.6026066,2.1,65,0
42.04148637,321.617051,24.76451293,2.1,65,1
42.04148637,111.858631,8.613114587,2.1,65,1
42.04148637,49.738346,3.829852642,2.1,65,1
42.04148637,49.569119,3.816822163,2.1,65,1
26.05118825,1976.701151,152.2059886,2.1,65,0
26.01154295,705.727002,54.34097915,2.1,65,1
17.46524374,1282,98.714,2.1,65,0
58.08176409,1484.561124,114.3112065,2.1,65,0
26.05118825,1976.701151,152.2059886,2.1,65,0
37.15339312,173.347761,13.3477776,2.1,65,1
37.15339312,62.482147,4.811125319,2.1,65,1
43.29000426,168.280614,12.95760728,2.1,65,1
42.08695944,110.507674,8.509090898,2.1,65,1
42.08695944,66.32195,5.10679015,2.1,65,1
38.24517868,54.338803,4.184087831,2.1,65,1
32.40370464,100.851254,7.765546558,2.1,65,1
32.40370464,374.580319,28.84268456,2.1,65,1
38.44946975,257.320357,19.81366749,2.1,65,1
38.44946975,283.258065,21.81087101,2.1,65,1
31.23836138,1658.336091,127.691879,2.1,65,0
39.253186,1254.789137,96.61876355,2.1,65,0
60.24137605,445.133085,34.27524755,2.1,65,1
60.24137605,444.382837,34.21747845,2.1,65,1
46.43084281,1555.930298,119.8066329,2.1,65,0
54.07950529,127.489668,9.816704436,2.1,65,1
41.41783609,187.265778,14.41946491,2.1,65,1
57.13680412,234.467211,18.05397525,2.1,65,1
35.73988536,289.605687,22.2996379,2.1,65,1
42.55898924,297.242293,22.88765656,2.1,65,1
61.33759454,366.406712,28.21331682,2.1,65,1
41.41783609,259.478291,19.97982841,2.1,65,1
65.84262947,713.996416,54.97772403,2.1,65,1
54.28078779,268.289641,20.65830236,2.1,65,1
64.40990179,397.93384,30.64090568,2.1,65,1
62.45188713,454.193389,34.97289095,2.1,65,1
36.8561075,566.373214,43.61073748,2.1,65,1
66.45705823,788.504839,60.7148726,2.1,65,1
51.21818859,198.727645,15.30202867,2.1,65,1
42.82546336,321.63312,24.76575024,2.1,65,1
51.67146696,1180.22093,90.87701161,2.1,65,0
51.01045495,801.248524,61.69613635,2.1,65,1
34.96982649,1288.076751,99.18190983,2.1,65,0
55.82598935,852.303558,65.62737397,2.1,65,1
63.52361942,785.576101,60.48935978,2.1,65,1
45.78605675,60.214122,4.636487394,2.1,65,1
54.37213476,777.963192,59.90316578,2.1,65,1
29.17615187,102.829912,7.917903224,2.1,65,1
54.1975846,571.54854,44.00923758,2.1,65,1
59.83647883,848.457161,65.3312014,2.1,65,1
45.41016665,510.475985,39.30665085,2.1,65,1
10.18798959,226.400598,17.43284605,2.1,65,1
10.18798959,115.987461,8.931034497,2.1,65,1
29.16754633,365.295998,28.12779185,2.1,65,1
50.84428774,391.476487,30.1436895,2.1,65,1
29.16754633,152.777704,11.76388321,2.1,65,1
53.36681256,324.03146,24.95042242,2.1,65,1
47.93883371,274.694503,21.15147673,2.1,65,1
47.19511247,300.462882,23.13564191,2.1,65,1
36.78561211,393.60413,30.30751801,2.1,65,1
46.24039171,216.716702,16.68718605,2.1,65,1
38.49895014,367.566787,28.3026426,2.1,65,1
38.49895014,367.566787,28.3026426,2.1,65,1
38.49895014,367.566787,28.3026426,2.1,65,1
37.75928616,235.431218,18.12820379,2.2,65,1
23.04223279,679.337407,52.30898034,2.2,65,1
43.74459577,762.417935,58.706181,2.2,65,1
15.17475979,1058.712327,81.52084918,2.2,65,0
58.70800763,304.084636,23.41451697,2.2,65,1
62.06687741,302.728297,23.31007887,2.2,65,1
12.03735061,185.685643,14.29779451,2.2,65,1
60.18029792,508.788055,39.17668024,2.2,65,1
31.65088443,1696.469905,130.6281827,2.2,65,0
46.76886821,1928.32545,148.4810597,2.2,65,0
42.37713707,552.355323,42.53135987,2.2,65,1
36.47925838,1251.254116,96.34656693,2.2,65,0
36.47925838,1251.254116,96.34656693,2.2,65,0
36.47925838,1251.254116,96.34656693,2.2,65,0
36.47925838,1251.254116,96.34656693,2.2,65,0
29.21531723,2513.861808,193.5673592,2.3,65,0
45.73072382,1195.400505,92.04583889,2.3,65,0
42.08695944,77.167722,5.941914594,2.3,65,1
50.03175813,1267.67796,97.61120292,2.3,65,0
49.35854393,127.520676,9.819092052,2.3,65,1
61.83376156,1695.469411,130.5511446,2.4,65,0
61.4252302,72.5792,5.5885984,2.4,65,1
50.27977354,473.025588,36.42297028,2.4,65,1
50.91809412,324.023241,24.94978956,2.4,65,1
49.33344719,255.384948,19.664641,2.4,65,1
62.71145159,269.54037,20.75460849,2.4,65,1
41.22166632,638.083156,49.13240301,2.4,65,1
51.05187957,39.312328,3.027049256,2.4,65,1
56.99180686,103.698218,7.984762786,2.4,65,1
49.16016309,97.085807,7.475607139,2.4,65,1
48.9263425,57.615571,4.436398967,2.4,65,1
33.39163273,2078.904643,160.0756575,2.5,65,0
29.06018365,806.816208,62.12484802,2.5,65,1
31.27822034,89.18763,6.86744751,2.5,65,1
43.05514174,927.649216,71.42898963,2.5,65,1
29.06018365,494.328401,38.06328688,2.5,65,1
43.05514174,229.416932,17.66510376,2.5,65,1
60.30201633,541.026516,41.65904173,2.5,65,1
59.8999348,541.416982,41.68910761,2.5,65,1
63.23009521,679.86259,52.34941943,2.5,65,1
53.45128228,247.576425,19.06338473,2.6,65,1
55.53955324,139.751649,10.76087697,2.6,65,1
48.2054178,689.654733,53.10341444,2.6,65,1
32.13305308,492.561205,37.92721279,2.6,65,1
50.96032022,1003.979061,77.3063877,2.6,65,0
46.30357624,60.214087,4.636484699,3.1,44,1
9.043958342,801.248524,61.69613635,3.1,44,1
28.58654072,1180.22093,90.87701161,3.1,44,0
41.83954815,242.119193,18.64317786,3.1,44,1
43.72715731,43.351446,3.338061342,3.1,44,1
43.72715731,247.907882,19.08890691,3.1,44,1
47.801749,247.381809,19.04839929,3.1,44,1
47.801749,384.73532,29.62461964,3.1,44,1
58.95721653,454.193389,34.97289095,3.1,44,1
51.3213127,788.504839,60.7148726,3.1,44,1
44.64664408,566.372736,43.61070067,3.1,44,1
57.12640872,198.727645,15.30202867,3.1,44,1
66.05418086,321.633059,24.76574554,3.1,44,1
29.41395601,3.476688,0.267704976,3.1,44,1
26.30254255,635.835615,48.95934236,3.1,44,1
33.00868005,458.881201,35.33385248,3.1,44,1
25.67685148,439.652275,33.85322518,3.1,44,1
47.32561014,45.810023,3.527371771,3.1,44,1
45.46805109,1555.93,119.80661,3.1,44,0
37.22088517,234.467211,18.05397525,3.1,44,1
27.6419952,289.605687,22.2996379,3.1,44,1
41.20999474,297.242293,22.88765656,3.1,44,1
51.72037932,30.221466,2.327052882,3.1,44,1
58.11418312,366.406712,28.21331682,3.1,44,1
49.15570327,259.478291,19.97982841,3.1,44,1
29.87430891,184.485,14.205345,3.1,44,1
26.72662589,713.9976,54.9778152,3.1,44,1
65.80450588,268.289641,20.65830236,3.1,44,1
58.87974914,397.93384,30.64090568,3.1,44,1
60.21227246,848.45845,65.33130065,3.1,44,1
27.32879031,393.604143,30.30751901,3.1,44,1
35.85420926,535.303342,41.21835733,3.1,44,1
48.39519822,208.841271,16.08077787,3.1,44,1
29.60567137,336.322619,25.89684166,3.1,44,1
27.32879031,324.815695,25.01080852,3.1,44,1
64.38649366,312.065263,24.02902525,3.1,44,1
58.87974914,939.833737,72.36719775,3.1,44,1
64.43395299,97.085807,7.475607139,3.1,44,1
37.14068852,688.64384,53.02557568,3.1,44,1
26.16880951,570.105287,43.8981071,3.1,44,1
26.72662589,506.243716,38.98076613,3.1,44,1
49.15570327,446.036964,34.34484623,3.1,44,1
58.44539203,92.55783,7.12695291,3.1,44,1
31.59517391,2293.540345,176.6026066,3.1,44,0
56.99462919,1020.810696,78.60242359,3.1,44,0
30.20038954,672.762156,51.80268601,3.1,44,1
13.31356604,859.632034,66.19166662,3.1,44,1
58.21978279,367.566787,28.3026426,3.1,44,1
29.91224843,1489.585209,114.6980611,3.1,44,0
38.05049986,1282.815835,98.7768193,3.1,44,0
56.4736573,1976.701151,152.2059886,3.1,44,0
32.00002671,125.065192,9.630019784,3.1,44,1
44.24100669,1658.338598,127.692072,3.1,44,0
21.99979185,60.2,4.6354,3.1,44,1
60.24846046,762.417935,58.706181,3.2,44,1
53.21607986,302.728297,23.31007887,3.2,44,1
45.72117449,304.084636,23.41451697,3.2,44,1
51.63428283,185.685643,14.29779451,3.2,44,1
32.9172836,679.337407,52.30898034,3.2,44,1
57.98035154,129.04916,9.93678532,3.2,44,1
36.3406535,1928.32545,148.4810597,3.2,44,0
55.27777225,1696.469905,130.6281827,3.2,44,0
45.36294195,2513.861808,193.5673592,3.3,44,0
40.57046879,127.520676,9.819092052,3.3,44,1
53.04121821,1695.469411,130.5511446,3.4,44,0
51.72037932,473.025588,36.42297028,3.4,44,1
65.56673473,72.579365,5.588611105,3.4,44,1
49.44710152,97.085807,7.475607139,3.4,44,1
55.35067499,492.561205,37.92721279,3.5,44,1
41.91908117,679.86259,52.34941943,3.6,44,1
35.50569323,927.649216,71.42898963,3.6,44,1
55.0742808,541.026516,41.65904173,3.6,44,1
37.73904698,229.416932,17.66510376,3.6,44,1
47.85961566,541.416982,41.68910761,3.6,44,1
61.18467044,806.816208,62.12484802,3.6,44,1
61.6857436,1337.518237,102.9889042,4.1,29,0
