Travel,Area,No ,Building,Pmp,
31.05000134,1976.70115,152.2059886,1.1,85,0.020000005576898
58.86184856,1484.559867,114.3111098,1.1,85,0.020007478442713
28.62054677,705.726564,54.34094543,1.1,85,0.089411260485649
45.71829788,332.882963,25.63198815,1.1,85,0.089998669624329
42.93102725,92.726723,7.139957671,1.1,85,0.08999994635582
32.58899161,374.580606,28.84270666,1.1,85,0.089998573064804
37.52210021,168.280614,12.95760728,1.1,85,0.089999881982803
16.91294315,1282.815835,98.7768193,1.1,85,0.000118638023268
29.9537722,3398.40423,261.6771257,1.1,85,0.020000000000001
28.99868286,1254.789137,96.61876355,1.1,85,0.020076354695484
28.62054677,1658.338598,127.692072,1.1,85,0.020000188838365
44.26152547,801.248524,61.69613635,1.1,85,0.084977032542229
67.24854906,1288.076751,99.18190983,1.1,85,0.000483672400005
43.79929792,198.727645,15.30202867,1.1,85,0.089999785423279
61.90294139,566.372736,43.61070067,1.1,85,0.089947900772095
41.28219438,454.193389,34.97289095,1.1,85,0.089994474649429
41.28219438,788.504839,60.7148726,1.1,85,0.086141433119774
35.70895808,1357.726902,104.5449715,1.1,85,0.020010338204666
76.11281265,57.025431,4.390958187,1.1,85,0.089999892711639
76.11281265,187.265778,14.41946491,1.1,85,0.089999388456345
53.457702,397.93384,30.64090568,1.1,85,0.089995837211609
63.27854188,268.289641,20.65830236,1.1,85,0.089998905658722
52.19248206,366.406712,28.21331682,1.1,85,0.089997371435165
57.37957482,289.605687,22.2996379,1.1,85,0.089998841285706
58.48026923,234.467211,18.05397525,1.1,85,0.089999409914017
65.02160646,297.242293,22.88765656,1.1,85,0.089998294115067
45.78432925,458.881327,35.33386218,1.1,85,0.089993036985397
55.09641013,479.198697,36.89829967,1.1,85,0.089987136125565
45.58450264,242.119193,18.64317786,1.1,85,0.08999959230423
28.99868286,466.094789,35.88929875,1.1,85,0.089995912313461
46.12908233,1555.930298,119.8066329,1.1,85,0.020001386101249
42.55469908,721.292154,55.53949586,1.1,85,0.089257044196129
51.55279868,143.124847,11.02061322,1.1,85,0.089999860525131
51.55279868,101.784111,7.837376547,1.1,85,0.089999914169312
13.80359016,418.637947,32.23512192,1.1,85,0.089998691082001
55.0742808,137.716912,10.60420222,1.1,85,0.089999849796295
45.36294195,162.381886,12.50340522,1.1,85,0.089999860525131
57.34370894,688.64384,53.02557568,1.1,85,0.089725567102432
35.44497236,386.564782,29.76548821,1.1,85,0.089998165369034
41.3138225,365.29599,28.12779123,1.1,85,0.089998272657394
34.27486044,247.267793,19.03962006,1.1,85,0.089999710321426
34.72966122,274.6945,21.1514765,1.1,85,0.089999581575394
46.55047319,278.627229,21.45429663,1.1,85,0.089999324083328
50.42314395,324.03146,24.95042242,1.1,85,0.089998594522476
61.49829248,300.462882,23.13564191,1.1,85,0.089998433589935
30.76529612,226.4005,17.4328385,1.1,85,0.089999806880951
41.23151908,390.408241,30.06143456,1.1,85,0.089997607469559
29.32949838,187.520636,14.43908897,1.1,85,0.089999881982803
40.08138266,372.51923,28.68398071,1.1,85,0.089998186826706
45.13726591,208.841271,16.08077787,1.1,85,0.089999742507935
52.32848317,324.815695,25.01080852,1.1,85,0.08999847650528
35.59951956,152.777704,11.76388321,1.1,85,0.089999914169312
54.10819721,312.065992,24.02908138,1.1,85,0.089998615980148
53.76325958,689.654733,53.10341444,1.1,85,0.089705300331116
62.79279681,506.243716,38.98076613,1.1,85,0.089975532889366
68.48800383,446.036471,34.34480827,1.1,85,0.089986267089844
39.45557594,827.556835,63.7218763,1.1,85,0.080301030278206
38.03450813,465.191434,35.81974042,1.1,85,0.089994345903397
51.95276644,455.8441,35.0999957,1.1,85,0.089991577863693
46.16815922,618.933757,47.65789929,1.1,85,0.089942273497582
34.1394295,865.194908,66.62000792,1.1,85,0.069779571890831
33.83730707,2293.540345,176.6026066,1.1,85,0.020000000170439
66.04095067,543.66304,41.86205408,1.1,85,0.089954863786697
38.53350044,321.617051,24.76451293,1.1,85,0.089999120235443
49.18438405,544.695805,41.94157699,1.1,85,0.089975618720055
41.93925054,819.990534,63.13927112,1.1,85,0.082045630216599
64.63567743,225.042728,17.32829006,1.1,85,0.089999345541
30.76529612,241.16878,18.56999606,1.1,85,0.089999763965607
63.28670666,140.815217,10.84277171,1.1,85,0.089999796152115
46.43247582,555.719941,42.79043546,1.1,85,0.089974578022957
49.22310298,352.688182,27.15699001,1.1,85,0.089998036623001
18.95785283,1217.711155,93.76375894,1.1,85,0.000330572139937
37.89768958,80.948374,6.233024798,1.1,85,0.089999957084656
53.067982,423.933421,32.64287342,1.1,85,0.0899942278862
42.07572355,102.829912,7.917903224,1.1,85,0.089999935626984
41.36007747,60.214087,4.636484699,1.1,85,0.089999967813492
64.54965414,852.303558,65.62737397,1.1,85,0.082740992903709
29.95252484,212.45303,16.35888331,1.1,85,0.089999839067459
21.03010444,762.27085,58.69485545,1.1,85,0.087886188626289
64.40997662,369.23446,28.43105342,1.1,85,0.08999569773674
24.2417997,1489.584816,114.6980308,1.1,85,0.020002211817591
20.51579886,486.594181,37.46775194,1.1,85,0.089996041059494
47.85032851,389.417915,29.98517946,1.1,85,0.089996985197067
34.58731169,484.035838,37.27075953,1.1,85,0.089993627071381
14.03867009,328.873919,25.32329176,1.1,85,0.089999581575394
45.36294195,1300.361381,100.1278263,1.1,85,0.020031962344656
51.67146696,1180.22093,90.87701161,1.1,85,0.000446633230895
22.50153744,497.7278,38.3250406,1.2,85,0.089975736737251
23.55363895,304.084636,23.41451697,1.2,85,0.089997918605805
47.21946628,302.728297,23.31007887,1.2,85,0.089995311498642
51.43753822,129.04916,9.93678532,1.2,85,0.089999420642853
57.5938818,552.355323,42.53135987,1.2,85,0.089817293286324
39.21506423,1928.32545,148.4810597,1.2,85,0.020000022252475
44.19218034,1696.469905,130.6281827,1.2,85,0.020000397419181
45.36294195,235.431218,18.12820379,1.2,85,0.089998165369034
70.74280284,679.337407,52.30898034,1.2,85,0.089116834402084
51.43753822,129.04916,9.93678532,1.2,85,0.089999420642853
35.04916068,187.520636,14.43908897,1.2,85,0.089999313354492
50.96936519,1058.712327,81.52084918,1.2,85,0.001706177126616
57.79819315,762.417935,58.706181,1.2,85,0.085085136294365
22.50153744,189.529563,14.59377635,1.2,85,0.08999953866005
66.1657337,32.820049,2.527143773,1.2,85,0.089999721050263
32.2884645,2513.861808,193.5673592,1.3,85,0.020000000031286
24.71335311,1195.400505,92.04583889,1.3,85,0.000640146438964
46.80067551,378.6997714,29.1598824,1.3,85,0.08993803024292
38.79503575,1238.245379,95.34489418,1.3,85,0.000148579113884
32.08635484,1267.67796,97.61120292,1.3,85,0.000100045317085
47.52878957,473.025588,36.42297028,1.4,85,0.089675543904305
29.82939878,300.847171,23.16523217,1.4,85,0.089986084699631
42.71786766,1344.187397,103.5024296,1.4,85,0.020057095774682
22.75610032,1014.686691,78.13087521,1.4,85,0.025075100362301
50.91809412,324.023241,24.94978956,1.4,85,0.089889498353005
49.33344719,255.384948,19.664641,1.4,85,0.089949311614037
62.71145159,269.54037,20.75460849,1.4,85,0.089867343306542
41.22166632,638.083156,49.13240301,1.4,85,0.089152497053146
51.05187957,39.312328,3.027049256,1.4,85,0.08999559044838
56.99180686,103.698218,7.984762786,1.4,85,0.089987608194351
49.16016309,97.085807,7.475607139,1.4,85,0.089991320371628
61.83376156,1695.469411,130.5511446,1.4,85,0.020002274966882
48.09654455,1268.192308,97.65080772,1.5,85,0.000340682454407
32.13305308,492.561205,37.92721279,1.5,85,0.089887261390686
50.96032022,1003.979061,77.3063877,1.5,85,0.011009694188833
55.53955324,139.751649,10.76087697,1.5,85,0.089964492917061
53.45128228,247.576425,19.06338473,1.5,85,0.089921084046364
34.43523676,494.328401,38.06328688,1.7,85,0.089811590909958
53.13815892,229.416932,17.66510376,1.7,85,0.089908584952355
30.84176328,927.649216,71.42898963,1.7,85,0.071485269069672
31.6773246,541.416982,41.68910761,1.7,85,0.089772430658341
53.13815892,541.026516,41.65904173,1.7,85,0.088456871509552
51.97808447,679.86259,52.34941943,1.7,85,0.085138399600983
29.79713511,370.435258,28.52351487,1.7,85,0.089959686398506
29.06018365,806.816208,62.12484802,1.7,85,0.088100143074989
31.27822034,89.18763,6.86744751,1.7,85,0.089996384382248
33.39163273,2078.904643,160.0756575,1.7,85,0.020000028340277
34.71785614,193.863804,14.92751291,1.8,85,0.089985440969467
36.1189397,179.267535,13.8036002,1.9,85,0.089981809258461
53.52655115,382.890899,29.48259922,2.1,65,0.089891649484634
62.08438122,336.322619,25.89684166,2.1,65,0.089945583343506
28.62054677,324.815695,25.01080852,2.1,65,0.089979094862938
50.18038261,312.065263,24.02902525,2.1,65,0.08996210038662
46.52946397,535.303342,41.21835733,2.1,65,0.089401094913483
63.71710613,208.841271,16.08077787,2.1,65,0.0899855697155
28.00467061,386.564782,29.76548821,2.1,65,0.089954713582993
53.27350535,827.556835,63.7218763,2.1,65,0.082791321873665
65.77371904,506.243716,38.98076613,2.1,65,0.089724875092506
9.49405804,446.036964,34.34484623,2.1,65,0.089967609643936
57.31809999,570.105287,43.8981071,2.1,65,0.089343701004982
42.69144424,931.501423,71.72560957,2.1,65,0.033806916475296
41.78814678,465.191434,35.81974042,2.1,65,0.089799338579178
31.77295606,653.746061,50.3384467,2.1,65,0.088742451667786
41.74814631,262.160214,20.18633648,2.1,65,0.089985290765762
46.02627218,549.920468,42.34387604,2.1,65,0.089288753271103
54.03876404,618.933757,47.65789929,2.1,65,0.088778956532478
50.34778763,455.844184,35.10000217,2.1,65,0.089755758047104
47.37116542,454.128171,34.96786917,2.1,65,0.089786254763603
32.10490009,363.715531,28.00609589,2.1,65,0.08996109187603
41.28090015,989.368941,76.18140846,2.1,65,0.015993375331163
38.8803783,1086.346435,83.6486755,2.1,65,0.003354582823813
29.93966231,1020.810696,78.60242359,2.1,65,0.004567711427808
37.5422778,2293.540345,176.6026066,2.1,65,0.020000001045596
42.04148637,321.617051,24.76451293,2.1,65,0.089968060255051
42.04148637,111.858631,8.613114587,2.1,65,0.089997854232788
42.04148637,49.738346,3.829852642,2.1,65,0.089999023675919
42.04148637,49.569119,3.816822163,2.1,65,0.089999023675919
26.05118825,1976.701151,152.2059886,2.1,65,0.020000022719104
26.01154295,705.727002,54.34097915,2.1,65,0.08815353512764
17.46524374,1282,98.714,2.1,65,0.020056938022026
58.08176409,1484.561124,114.3112065,2.1,65,0.020054202105966
26.05118825,1976.701151,152.2059886,2.1,65,0.020000022719104
37.15339312,173.347761,13.3477776,2.1,65,0.08999599814415
37.15339312,62.482147,4.811125319,2.1,65,0.089999034404755
43.29000426,168.280614,12.95760728,2.1,65,0.089995365142822
42.08695944,110.507674,8.509090898,2.1,65,0.089997886419296
42.08695944,66.32195,5.10679015,2.1,65,0.089998798370361
38.24517868,54.338803,4.184087831,2.1,65,0.089999098777771
32.40370464,100.851254,7.765546558,2.1,65,0.089998669624329
32.40370464,374.580319,28.84268456,2.1,65,0.089954788684845
38.44946975,257.320357,19.81366749,2.1,65,0.089987672567368
38.44946975,283.258065,21.81087101,2.1,65,0.089982785582543
31.23836138,1658.336091,127.691879,2.1,65,0.020001100772506
39.253186,1254.789137,96.61876355,2.1,65,0.000275727943517
60.24137605,445.133085,34.27524755,2.1,65,0.089828022122383
60.24137605,444.382837,34.21747845,2.1,65,0.089829325675964
46.43084281,1555.930298,119.8066329,2.1,65,0.020007245022425
54.07950529,127.489668,9.816704436,2.1,65,0.089995536804199
41.41783609,187.265778,14.41946491,2.1,65,0.089994453191757
57.13680412,234.467211,18.05397525,2.1,65,0.089980393052101
35.73988536,289.605687,22.2996379,2.1,65,0.089983000159264
42.55898924,297.242293,22.88765656,2.1,65,0.08997623026371
61.33759454,366.406712,28.21331682,2.1,65,0.08992471575737
41.41783609,259.478291,19.97982841,2.1,65,0.089985945224762
65.84262947,713.996416,54.97772403,2.1,65,0.08887065589428
54.28078779,268.289641,20.65830236,2.1,65,0.089973655343056
64.40990179,397.93384,30.64090568,2.1,65,0.089904583096504
62.45188713,454.193389,34.97289095,2.1,65,0.089822346568108
36.8561075,566.373214,43.61073748,2.1,65,0.089407108426094
66.45705823,788.504839,60.7148726,2.1,65,0.088328667283058
51.21818859,198.727645,15.30202867,2.1,65,0.089990419149399
42.82546336,321.63312,24.76575024,2.1,65,0.089967169761658
51.67146696,1180.22093,90.87701161,2.1,65,0.002882571704686
51.01045495,801.248524,61.69613635,2.1,65,0.083820421099663
34.96982649,1288.076751,99.18190983,2.1,65,0.000108423406491
55.82598935,852.303558,65.62737397,2.1,65,0.082061825394631
63.52361942,785.576101,60.48935978,2.1,65,0.087944966554642
45.78605675,60.214122,4.636487394,2.1,65,0.089998680353165
54.37213476,777.963192,59.90316578,2.1,65,0.085741429924965
29.17615187,102.829912,7.917903224,2.1,65,0.089998776912689
54.1975846,571.54854,44.00923758,2.1,65,0.089256282448769
59.83647883,848.457161,65.3312014,2.1,65,0.085266668200493
45.41016665,510.475985,39.30665085,2.1,65,0.089584584832192
10.18798959,226.400598,17.43284605,2.1,65,0.089997221231461
10.18798959,115.987461,8.931034497,2.1,65,0.089999248981476
29.16754633,365.295998,28.12779185,2.1,65,0.089964138865471
50.84428774,391.476487,30.1436895,2.1,65,0.089892990589142
29.16754633,152.777704,11.76388321,2.1,65,0.089997671842575
53.36681256,324.03146,24.95042242,2.1,65,0.089949129223824
47.93883371,274.694503,21.15147673,2.1,65,0.089978569149971
47.19511247,300.462882,23.13564191,2.1,65,0.089970914125443
36.78561211,393.60413,30.30751801,2.1,65,0.089932789206505
46.24039171,216.716702,16.68718605,2.1,65,0.089990419149399
38.49895014,367.566787,28.3026426,2.1,65,0.089948979020119
38.49895014,367.566787,28.3026426,2.1,65,0.089948979020119
38.49895014,367.566787,28.3026426,2.1,65,0.089948979020119
37.75928616,235.431218,18.12820379,2.2,65,0.089954788684845
23.04223279,679.337407,52.30898034,2.2,65,0.085587481856346
43.74459577,762.417935,58.706181,2.2,65,0.067354667186737
15.17475979,1058.712327,81.52084918,2.2,65,0.003373724408448
58.70800763,304.084636,23.41451697,2.2,65,0.089768096208572
62.06687741,302.728297,23.31007887,2.2,65,0.089790889620781
12.03735061,185.685643,14.29779451,2.2,65,0.089990644454956
60.18029792,508.788055,39.17668024,2.2,65,0.088255614638329
31.65088443,1696.469905,130.6281827,2.2,65,0.020001135409984
46.76886821,1928.32545,148.4810597,2.2,65,0.020000163610524
42.37713707,552.355323,42.53135987,2.2,65,0.086907268166542
36.47925838,1251.254116,96.34656693,2.2,65,0.00022976936074
36.47925838,1251.254116,96.34656693,2.2,65,0.00022976936074
36.47925838,1251.254116,96.34656693,2.2,65,0.00022976936074
36.47925838,1251.254116,96.34656693,2.2,65,0.00022976936074
29.21531723,2513.861808,193.5673592,2.3,65,0.020000000139534
45.73072382,1195.400505,92.04583889,2.3,65,0.001041413750499
42.08695944,77.167722,5.941914594,2.3,65,0.089958683252335
50.03175813,1267.67796,97.61120292,2.3,65,0.000561401224695
49.35854393,127.520676,9.819092052,2.3,65,0.089892046451569
61.83376156,1695.469411,130.5511446,2.4,65,0.020011616000265
61.4252302,72.5792,5.5885984,2.4,65,0.089490069150925
50.27977354,473.025588,36.42297028,2.4,65,0.063805455565453
50.91809412,324.023241,24.94978956,2.4,65,0.083089224100113
49.33344719,255.384948,19.664641,2.4,65,0.087149568200111
62.71145159,269.54037,20.75460849,2.4,65,0.085892400741577
41.22166632,638.083156,49.13240301,2.4,65,0.053744371533394
51.05187957,39.312328,3.027049256,2.4,65,0.089789274930954
56.99180686,103.698218,7.984762786,2.4,65,0.089384105801582
49.16016309,97.085807,7.475607139,2.4,65,0.089601364731789
48.9263425,57.615571,4.436398967,2.4,65,0.089759244918823
33.39163273,2078.904643,160.0756575,2.5,65,0.02000005972039
29.06018365,806.816208,62.12484802,2.5,65,0.05680549621582
31.27822034,89.18763,6.86744751,2.5,65,0.089741864204407
43.05514174,927.649216,71.42898963,2.5,65,0.028159375190735
29.06018365,494.328401,38.06328688,2.5,65,0.084248544573784
43.05514174,229.416932,17.66510376,2.5,65,0.087299358844757
60.30201633,541.026516,41.65904173,2.5,65,0.048757737278938
59.8999348,541.416982,41.68910761,2.5,65,0.048743060231209
63.23009521,679.86259,52.34941943,2.5,65,0.039332401156426
53.45128228,247.576425,19.06338473,2.6,65,0.079776953458786
55.53955324,139.751649,10.76087697,2.6,65,0.084789701700211
48.2054178,689.654733,53.10341444,2.6,65,0.033513214588165
32.13305308,492.561205,37.92721279,2.6,65,0.080239693522453
50.96032022,1003.979061,77.3063877,2.6,65,0.024356716275215
46.30357624,60.214087,4.636484699,3.1,44,0.089964589476585
9.043958342,801.248524,61.69613635,3.1,44,0.083215958476067
28.58654072,1180.22093,90.87701161,3.1,44,0.005553540587425
41.83954815,242.119193,18.64317786,3.1,44,0.089757270812988
43.72715731,43.351446,3.338061342,3.1,44,0.089970109462738
43.72715731,247.907882,19.08890691,3.1,44,0.089756922125816
47.801749,247.381809,19.04839929,3.1,44,0.089785487651825
47.801749,384.73532,29.62461964,3.1,44,0.089374369382858
58.95721653,454.193389,34.97289095,3.1,44,0.08940197467804
51.3213127,788.504839,60.7148726,3.1,44,0.086992546319962
44.64664408,566.372736,43.61070067,3.1,44,0.08840138733387
57.12640872,198.727645,15.30202867,3.1,44,0.089907131195068
66.05418086,321.633059,24.76574554,3.1,44,0.089851695299149
29.41395601,3.476688,0.267704976,3.1,44,0.089990515708923
26.30254255,635.835615,48.95934236,3.1,44,0.087127284407616
33.00868005,458.881201,35.33385248,3.1,44,0.088891228437424
25.67685148,439.652275,33.85322518,3.1,44,0.0893141913414
47.32561014,45.810023,3.527371771,3.1,44,0.089970184564591
45.46805109,1555.93,119.80661,3.1,44,0.020096995561617
37.22088517,234.467211,18.05397525,3.1,44,0.089758188128471
27.6419952,289.605687,22.2996379,3.1,44,0.089814348220825
41.20999474,297.242293,22.88765656,3.1,44,0.089585373401642
51.72037932,30.221466,2.327052882,3.1,44,0.089977549910545
58.11418312,366.406712,28.21331682,3.1,44,0.089682061672211
49.15570327,259.478291,19.97982841,3.1,44,0.0897745013237
29.87430891,184.485,14.205345,3.1,44,0.08992033302784
26.72662589,713.9976,54.9778152,3.1,44,0.085851781368256
65.80450588,268.289641,20.65830236,3.1,44,0.089900109171867
58.87974914,397.93384,30.64090568,3.1,44,0.089611562490463
60.21227246,848.45845,65.33130065,3.1,44,0.087394807934761
27.32879031,393.604143,30.30751901,3.1,44,0.089498099684715
35.85420926,535.303342,41.21835733,3.1,44,0.088450353741646
48.39519822,208.841271,16.08077787,3.1,44,0.089855788350105
29.60567137,336.322619,25.89684166,3.1,44,0.089653480052948
27.32879031,324.815695,25.01080852,3.1,44,0.089744417667389
64.38649366,312.065263,24.02902525,3.1,44,0.089849436879158
58.87974914,939.833737,72.36719775,3.1,44,0.086341123580933
64.43395299,97.085807,7.475607139,3.1,44,0.089971064329147
37.14068852,688.64384,53.02557568,3.1,44,0.086772589087486
26.16880951,570.105287,43.8981071,3.1,44,0.087904754877091
26.72662589,506.243716,38.98076613,3.1,44,0.088629970550537
49.15570327,446.036964,34.34484623,3.1,44,0.089166857600212
58.44539203,92.55783,7.12695291,3.1,44,0.089965925216675
31.59517391,2293.540345,176.6026066,3.1,44,0.020000003535831
56.99462919,1020.810696,78.60242359,3.1,44,0.08096351981163
30.20038954,672.762156,51.80268601,3.1,44,0.086746078133583
13.31356604,859.632034,66.19166662,3.1,44,0.071247770190239
58.21978279,367.566787,28.3026426,3.1,44,0.089681026339531
29.91224843,1489.585209,114.6980611,3.1,44,0.020065363809699
38.05049986,1282.815835,98.7768193,3.1,44,0.002874712496996
56.4736573,1976.701151,152.2059886,3.1,44,0.020000481176371
32.00002671,125.065192,9.630019784,3.1,44,0.089950974583626
44.24100669,1658.338598,127.692072,3.1,44,0.020018833458016
21.99979185,60.2,4.6354,3.1,44,0.089987940788269
60.24846046,762.417935,58.706181,3.2,44,0.081051362156868
53.21607986,302.728297,23.31007887,3.2,44,0.088733460903168
45.72117449,304.084636,23.41451697,3.2,44,0.088108833432198
51.63428283,185.685643,14.29779451,3.2,44,0.089438184499741
32.9172836,679.337407,52.30898034,3.2,44,0.075884370803833
57.98035154,129.04916,9.93678532,3.2,44,0.089737288355827
36.3406535,1928.32545,148.4810597,3.2,44,0.020000430633454
55.27777225,1696.469905,130.6281827,3.2,44,0.020011271581316
45.36294195,2513.861808,193.5673592,3.3,44,0.020000001271437
40.57046879,127.520676,9.819092052,3.3,44,0.087817309498787
53.04121821,1695.469411,130.5511446,3.4,44,0.020021090615483
51.72037932,473.025588,36.42297028,3.4,44,0.039526877403259
65.56673473,72.579365,5.588611105,3.4,44,0.087167147397995
49.44710152,97.085807,7.475607139,3.4,44,0.083190852999687
55.35067499,492.561205,37.92721279,3.5,44,0.011912728250027
41.91908117,679.86259,52.34941943,3.6,44,0.012700497061014
35.50569323,927.649216,71.42898963,3.6,44,0.015379921942949
55.0742808,541.026516,41.65904173,3.6,44,0.010122209563851
37.73904698,229.416932,17.66510376,3.6,44,0.021673365980387
47.85961566,541.416982,41.68910761,3.6,44,0.011797237694264
61.18467044,806.816208,62.12484802,3.6,44,0.010701213330031
61.6857436,1337.518237,102.9889042,4.1,29,0.002719022333622
