Travel,Area,No ,Building,Pmp,Probability
31.05000134,1976.70115,152.2059886,1.1,85,0.000000060
58.86184856,1484.559867,114.3111098,1.1,85,0.000075554
28.62054677,705.726564,54.34094543,1.1,85,0.998196185
45.71829788,332.882963,25.63198815,1.1,85,0.999990344
42.93102725,92.726723,7.139957671,1.1,85,0.999999642
32.58899161,374.580606,28.84270666,1.1,85,0.999985695
37.52210021,168.280614,12.95760728,1.1,85,0.999999046
16.91294315,1282.815835,98.7768193,1.1,85,0.011036556
29.9537722,3398.40423,261.6771257,1.1,85,0.000000000
28.99868286,1254.789137,96.61876355,1.1,85,0.003759753
28.62054677,1658.338598,127.692072,1.1,85,0.000005396
44.26152547,801.248524,61.69613635,1.1,85,0.965540588
67.24854906,1288.076751,99.18190983,1.1,85,0.009049593
43.79929792,198.727645,15.30202867,1.1,85,0.999998331
61.90294139,566.372736,43.61070067,1.1,85,0.999782860
41.28219438,454.193389,34.97289095,1.1,85,0.999955177
41.28219438,788.504839,60.7148726,1.1,85,0.974957466
35.70895808,1357.726902,104.5449715,1.1,85,0.000267763
76.11281265,57.025431,4.390958187,1.1,85,0.999999762
76.11281265,187.265778,14.41946491,1.1,85,0.999999046
53.457702,397.93384,30.64090568,1.1,85,0.999975324
63.27854188,268.289641,20.65830236,1.1,85,0.999994993
52.19248206,366.406712,28.21331682,1.1,85,0.999983907
57.37957482,289.605687,22.2996379,1.1,85,0.999993801
58.48026923,234.467211,18.05397525,1.1,85,0.999996901
65.02160646,297.242293,22.88765656,1.1,85,0.999992490
45.78432925,458.881327,35.33386218,1.1,85,0.999949694
55.09641013,479.198697,36.89829967,1.1,85,0.999926925
45.58450264,242.119193,18.64317786,1.1,85,0.999997139
28.99868286,466.094789,35.88929875,1.1,85,0.999954462
46.12908233,1555.930298,119.8066329,1.1,85,0.000011781
42.55469908,721.292154,55.53949586,1.1,85,0.995157778
51.55279868,143.124847,11.02061322,1.1,85,0.999999166
51.55279868,101.784111,7.837376547,1.1,85,0.999999523
13.80359016,418.637947,32.23512192,1.1,85,0.999994159
55.0742808,137.716912,10.60420222,1.1,85,0.999999166
45.36294195,162.381886,12.50340522,1.1,85,0.999998927
57.34370894,688.64384,53.02557568,1.1,85,0.997704089
35.44497236,386.564782,29.76548821,1.1,85,0.999982715
41.3138225,365.29599,28.12779123,1.1,85,0.999986053
34.27486044,247.267793,19.03962006,1.1,85,0.999997258
34.72966122,274.6945,21.1514765,1.1,85,0.999996066
46.55047319,278.627229,21.45429663,1.1,85,0.999995232
50.42314395,324.03146,24.95042242,1.1,85,0.999990940
61.49829248,300.462882,23.13564191,1.1,85,0.999992490
30.76529612,226.4005,17.4328385,1.1,85,0.999997973
41.23151908,390.408241,30.06143456,1.1,85,0.999980569
29.32949838,187.520636,14.43908897,1.1,85,0.999998808
40.08138266,372.51923,28.68398071,1.1,85,0.999984860
45.13726591,208.841271,16.08077787,1.1,85,0.999998093
52.32848317,324.815695,25.01080852,1.1,85,0.999990702
35.59951956,152.777704,11.76388321,1.1,85,0.999999166
54.10819721,312.065992,24.02908138,1.1,85,0.999991894
53.76325958,689.654733,53.10341444,1.1,85,0.997680783
62.79279681,506.243716,38.98076613,1.1,85,0.999896526
68.48800383,446.036471,34.34480827,1.1,85,0.999967217
39.45557594,827.556835,63.7218763,1.1,85,0.937009633
38.03450813,465.191434,35.81974042,1.1,85,0.999950051
51.95276644,455.8441,35.0999957,1.1,85,0.999948144
46.16815922,618.933757,47.65789929,1.1,85,0.999587357
34.1394295,865.194908,66.62000792,1.1,85,0.903152406
33.83730707,2293.540345,176.6026066,1.1,85,0.000000002
66.04095067,543.66304,41.86205408,1.1,85,0.999881029
38.53350044,321.617051,24.76451293,1.1,85,0.999992371
49.18438405,544.695805,41.94157699,1.1,85,0.999838710
41.93925054,819.990534,63.13927112,1.1,85,0.946708620
64.63567743,225.042728,17.32829006,1.1,85,0.999997139
30.76529612,241.16878,18.56999606,1.1,85,0.999997616
63.28670666,140.815217,10.84277171,1.1,85,0.999999046
46.43247582,555.719941,42.79043546,1.1,85,0.999819458
49.22310298,352.688182,27.15699001,1.1,85,0.999987006
18.95785283,1217.711155,93.76375894,1.1,85,0.026602553
37.89768958,80.948374,6.233024798,1.1,85,0.999999642
53.067982,423.933421,32.64287342,1.1,85,0.999965429
42.07572355,102.829912,7.917903224,1.1,85,0.999999523
41.36007747,60.214087,4.636484699,1.1,85,0.999999762
64.54965414,852.303558,65.62737397,1.1,85,0.964502513
29.95252484,212.45303,16.35888331,1.1,85,0.999998331
21.03010444,762.27085,58.69485545,1.1,85,0.997342765
64.40997662,369.23446,28.43105342,1.1,85,0.999980807
24.2417997,1489.584816,114.6980308,1.1,85,0.000135386
20.51579886,486.594181,37.46775194,1.1,85,0.999974132
47.85032851,389.417915,29.98517946,1.1,85,0.999979377
34.58731169,484.035838,37.27075953,1.1,85,0.999938488
14.03867009,328.873919,25.32329176,1.1,85,0.999997497
45.36294195,1300.361381,100.1278263,1.1,85,0.000413009
51.67146696,1180.22093,90.87701161,1.1,85,0.005193924
22.50153744,497.7278,38.3250406,1.2,85,0.999944091
23.55363895,304.084636,23.41451697,1.2,85,0.999990940
47.21946628,302.728297,23.31007887,1.2,85,0.999971747
51.43753822,129.04916,9.93678532,1.2,85,0.999997020
57.5938818,552.355323,42.53135987,1.2,85,0.999156117
39.21506423,1928.32545,148.4810597,1.2,85,0.000000102
44.19218034,1696.469905,130.6281827,1.2,85,0.000001511
45.36294195,235.431218,18.12820379,1.2,85,0.999988556
70.74280284,679.337407,52.30898034,1.2,85,0.998187363
51.43753822,129.04916,9.93678532,1.2,85,0.999997020
35.04916068,187.520636,14.43908897,1.2,85,0.999994636
50.96936519,1058.712327,81.52084918,1.2,85,0.015852768
57.79819315,762.417935,58.706181,1.2,85,0.948358476
22.50153744,189.529563,14.59377635,1.2,85,0.999997497
66.1657337,32.820049,2.527143773,1.2,85,0.999998927
32.2884645,2513.861808,193.5673592,1.3,85,0.000000000
24.71335311,1195.400505,92.04583889,1.3,85,0.012569552
46.80067551,378.6997714,29.1598824,1.3,85,0.999671936
38.79503575,1238.245379,95.34489418,1.3,85,0.000978059
32.08635484,1267.67796,97.61120292,1.3,85,0.001277015
47.52878957,473.025588,36.42297028,1.4,85,0.998038709
29.82939878,300.847171,23.16523217,1.4,85,0.999961019
42.71786766,1344.187397,103.5024296,1.4,85,0.000105378
22.75610032,1014.686691,78.13087521,1.4,85,0.399356097
50.91809412,324.023241,24.94978956,1.4,85,0.999345124
49.33344719,255.384948,19.664641,1.4,85,0.999727666
62.71145159,269.54037,20.75460849,1.4,85,0.999596059
41.22166632,638.083156,49.13240301,1.4,85,0.994385958
51.05187957,39.312328,3.027049256,1.4,85,0.999982834
56.99180686,103.698218,7.984762786,1.4,85,0.999957085
49.16016309,97.085807,7.475607139,1.4,85,0.999964118
61.83376156,1695.469411,130.5511446,1.4,85,0.000001465
48.09654455,1268.192308,97.65080772,1.5,85,0.000303981
32.13305308,492.561205,37.92721279,1.5,85,0.999642849
50.96032022,1003.979061,77.3063877,1.5,85,0.019527920
55.53955324,139.751649,10.76087697,1.5,85,0.999729097
53.45128228,247.576425,19.06338473,1.5,85,0.999374092
34.43523676,494.328401,38.06328688,1.7,85,0.999398470
53.13815892,229.416932,17.66510376,1.7,85,0.999358833
30.84176328,927.649216,71.42898963,1.7,85,0.513096273
31.6773246,541.416982,41.68910761,1.7,85,0.999355257
53.13815892,541.026516,41.65904173,1.7,85,0.988310575
51.97808447,679.86259,52.34941943,1.7,85,0.929111958
29.79713511,370.435258,28.52351487,1.7,85,0.999900222
29.06018365,806.816208,62.12484802,1.7,85,0.944476485
31.27822034,89.18763,6.86744751,1.7,85,0.999991417
33.39163273,2078.904643,160.0756575,1.7,85,0.000000014
34.71785614,193.863804,14.92751291,1.8,85,0.999959469
36.1189397,179.267535,13.8036002,1.9,85,0.999933481
53.52655115,382.890899,29.48259922,2.1,65,0.999733984
62.08438122,336.322619,25.89684166,2.1,65,0.999908924
28.62054677,324.815695,25.01080852,2.1,65,0.999906778
50.18038261,312.065263,24.02902525,2.1,65,0.999899030
46.52946397,535.303342,41.21835733,2.1,65,0.998187721
63.71710613,208.841271,16.08077787,2.1,65,0.999980688
28.00467061,386.564782,29.76548821,2.1,65,0.999791920
53.27350535,827.556835,63.7218763,2.1,65,0.909179151
65.77371904,506.243716,38.98076613,2.1,65,0.999605119
9.49405804,446.036964,34.34484623,2.1,65,0.999791801
57.31809999,570.105287,43.8981071,2.1,65,0.998185456
42.69144424,931.501423,71.72560957,2.1,65,0.295563877
41.78814678,465.191434,35.81974042,2.1,65,0.999315619
31.77295606,653.746061,50.3384467,2.1,65,0.992796481
41.74814631,262.160214,20.18633648,2.1,65,0.999952435
46.02627218,549.920468,42.34387604,2.1,65,0.997817755
54.03876404,618.933757,47.65789929,2.1,65,0.995894551
50.34778763,455.844184,35.10000217,2.1,65,0.999332011
47.37116542,454.128171,34.96786917,2.1,65,0.999368966
32.10490009,363.715531,28.00609589,2.1,65,0.999838352
41.28090015,989.368941,76.18140846,2.1,65,0.122467026
38.8803783,1086.346435,83.6486755,2.1,65,0.021605156
29.93966231,1020.810696,78.60242359,2.1,65,0.105506591
37.5422778,2293.540345,176.6026066,2.1,65,0.000000004
42.04148637,321.617051,24.76451293,2.1,65,0.999895692
42.04148637,111.858631,8.613114587,2.1,65,0.999993324
42.04148637,49.738346,3.829852642,2.1,65,0.999997020
42.04148637,49.569119,3.816822163,2.1,65,0.999997020
26.05118825,1976.701151,152.2059886,2.1,65,0.000000143
26.01154295,705.727002,54.34097915,2.1,65,0.985097766
17.46524374,1282,98.714,2.1,65,0.008088591
58.08176409,1484.561124,114.3112065,2.1,65,0.000466433
26.05118825,1976.701151,152.2059886,2.1,65,0.000000143
37.15339312,173.347761,13.3477776,2.1,65,0.999985933
37.15339312,62.482147,4.811125319,2.1,65,0.999996662
43.29000426,168.280614,12.95760728,2.1,65,0.999985814
42.08695944,110.507674,8.509090898,2.1,65,0.999993443
42.08695944,66.32195,5.10679015,2.1,65,0.999996305
38.24517868,54.338803,4.184087831,2.1,65,0.999997020
32.40370464,100.851254,7.765546558,2.1,65,0.999994874
32.40370464,374.580319,28.84268456,2.1,65,0.999813020
38.44946975,257.320357,19.81366749,2.1,65,0.999956965
38.44946975,283.258065,21.81087101,2.1,65,0.999939561
31.23836138,1658.336091,127.691879,2.1,65,0.000007645
39.253186,1254.789137,96.61876355,2.1,65,0.001409121
60.24137605,445.133085,34.27524755,2.1,65,0.999644756
60.24137605,444.382837,34.21747845,2.1,65,0.999647737
46.43084281,1555.930298,119.8066329,2.1,65,0.000036530
54.07950529,127.489668,9.816704436,2.1,65,0.999990582
41.41783609,187.265778,14.41946491,2.1,65,0.999982238
57.13680412,234.467211,18.05397525,2.1,65,0.999960542
35.73988536,289.605687,22.2996379,2.1,65,0.999936342
42.55898924,297.242293,22.88765656,2.1,65,0.999923825
61.33759454,366.406712,28.21331682,2.1,65,0.999864578
41.41783609,259.478291,19.97982841,2.1,65,0.999954224
65.84262947,713.996416,54.97772403,2.1,65,0.998014450
54.28078779,268.289641,20.65830236,2.1,65,0.999940395
64.40990179,397.93384,30.64090568,2.1,65,0.999852061
62.45188713,454.193389,34.97289095,2.1,65,0.999674320
36.8561075,566.373214,43.61073748,2.1,65,0.997563243
66.45705823,788.504839,60.7148726,2.1,65,0.993803978
51.21818859,198.727645,15.30202867,2.1,65,0.999976873
42.82546336,321.63312,24.76575024,2.1,65,0.999894738
51.67146696,1180.22093,90.87701161,2.1,65,0.021012980
51.01045495,801.248524,61.69613635,2.1,65,0.921940982
34.96982649,1288.076751,99.18190983,2.1,65,0.000833789
55.82598935,852.303558,65.62737397,2.1,65,0.906397939
63.52361942,785.576101,60.48935978,2.1,65,0.990673482
45.78605675,60.214122,4.636487394,2.1,65,0.999996424
54.37213476,777.963192,59.90316578,2.1,65,0.966198325
29.17615187,102.829912,7.917903224,2.1,65,0.999994874
54.1975846,571.54854,44.00923758,2.1,65,0.997599661
59.83647883,848.457161,65.3312014,2.1,65,0.951315820
45.41016665,510.475985,39.30665085,2.1,65,0.998707891
10.18798959,226.400598,17.43284605,2.1,65,0.999979258
10.18798959,115.987461,8.931034497,2.1,65,0.999995112
29.16754633,365.295998,28.12779185,2.1,65,0.999840379
50.84428774,391.476487,30.1436895,2.1,65,0.999711335
29.16754633,152.777704,11.76388321,2.1,65,0.999990225
53.36681256,324.03146,24.95042242,2.1,65,0.999877453
47.93883371,274.694503,21.15147673,2.1,65,0.999939680
47.19511247,300.462882,23.13564191,2.1,65,0.999916196
36.78561211,393.60413,30.30751801,2.1,65,0.999747455
46.24039171,216.716702,16.68718605,2.1,65,0.999972343
38.49895014,367.566787,28.3026426,2.1,65,0.999817073
38.49895014,367.566787,28.3026426,2.1,65,0.999817073
38.49895014,367.566787,28.3026426,2.1,65,0.999817073
37.75928616,235.431218,18.12820379,2.2,65,0.999862313
23.04223279,679.337407,52.30898034,2.2,65,0.984445035
43.74459577,762.417935,58.706181,2.2,65,0.799658656
15.17475979,1058.712327,81.52084918,2.2,65,0.232029200
58.70800763,304.084636,23.41451697,2.2,65,0.999637604
62.06687741,302.728297,23.31007887,2.2,65,0.999712408
12.03735061,185.685643,14.29779451,2.2,65,0.999968648
60.18029792,508.788055,39.17668024,2.2,65,0.996918440
31.65088443,1696.469905,130.6281827,2.2,65,0.000003536
46.76886821,1928.32545,148.4810597,2.2,65,0.000000268
42.37713707,552.355323,42.53135987,2.2,65,0.990774930
36.47925838,1251.254116,96.34656693,2.2,65,0.000855935
36.47925838,1251.254116,96.34656693,2.2,65,0.000855935
36.47925838,1251.254116,96.34656693,2.2,65,0.000855935
36.47925838,1251.254116,96.34656693,2.2,65,0.000855935
29.21531723,2513.861808,193.5673592,2.3,65,0.000000000
45.73072382,1195.400505,92.04583889,2.3,65,0.001370472
42.08695944,77.167722,5.941914594,2.3,65,0.999922156
50.03175813,1267.67796,97.61120292,2.3,65,0.000620897
49.35854393,127.520676,9.819092052,2.3,65,0.999802649
61.83376156,1695.469411,130.5511446,2.4,65,0.000003573
61.4252302,72.5792,5.5885984,2.4,65,0.998835742
50.27977354,473.025588,36.42297028,2.4,65,0.907752216
50.91809412,324.023241,24.94978956,2.4,65,0.983885765
49.33344719,255.384948,19.664641,2.4,65,0.993566453
62.71145159,269.54037,20.75460849,2.4,65,0.991364241
41.22166632,638.083156,49.13240301,2.4,65,0.820341587
51.05187957,39.312328,3.027049256,2.4,65,0.999524117
56.99180686,103.698218,7.984762786,2.4,65,0.998604000
49.16016309,97.085807,7.475607139,2.4,65,0.999105513
48.9263425,57.615571,4.436398967,2.4,65,0.999458492
33.39163273,2078.904643,160.0756575,2.5,65,0.000000037
29.06018365,806.816208,62.12484802,2.5,65,0.611441672
31.27822034,89.18763,6.86744751,2.5,65,0.999363124
43.05514174,927.649216,71.42898963,2.5,65,0.020014158
29.06018365,494.328401,38.06328688,2.5,65,0.985152006
43.05514174,229.416932,17.66510376,2.5,65,0.985385239
60.30201633,541.026516,41.65904173,2.5,65,0.476500928
59.8999348,541.416982,41.68910761,2.5,65,0.470508993
63.23009521,679.86259,52.34941943,2.5,65,0.298575461
53.45128228,247.576425,19.06338473,2.6,65,0.839345694
55.53955324,139.751649,10.76087697,2.6,65,0.916189790
48.2054178,689.654733,53.10341444,2.6,65,0.215093836
32.13305308,492.561205,37.92721279,2.6,65,0.958857298
50.96032022,1003.979061,77.3063877,2.6,65,0.003489411
46.30357624,60.214087,4.636484699,3.1,44,0.999922514
9.043958342,801.248524,61.69613635,3.1,44,0.986991227
28.58654072,1180.22093,90.87701161,3.1,44,0.026612820
41.83954815,242.119193,18.64317786,3.1,44,0.999414563
43.72715731,43.351446,3.338061342,3.1,44,0.999944210
43.72715731,247.907882,19.08890691,3.1,44,0.999334395
47.801749,247.381809,19.04839929,3.1,44,0.999225974
47.801749,384.73532,29.62461964,3.1,44,0.997623503
58.95721653,454.193389,34.97289095,3.1,44,0.998083472
51.3213127,788.504839,60.7148726,3.1,44,0.987072289
44.64664408,566.372736,43.61070067,3.1,44,0.992404521
57.12640872,198.727645,15.30202867,3.1,44,0.999664068
66.05418086,321.633059,24.76574554,3.1,44,0.999580681
29.41395601,3.476688,0.267704976,3.1,44,0.999982476
26.30254255,635.835615,48.95934236,3.1,44,0.995302439
33.00868005,458.881201,35.33385248,3.1,44,0.997941554
25.67685148,439.652275,33.85322518,3.1,44,0.998919487
47.32561014,45.810023,3.527371771,3.1,44,0.999932051
45.46805109,1555.93,119.80661,3.1,44,0.000703003
37.22088517,234.467211,18.05397525,3.1,44,0.999555171
27.6419952,289.605687,22.2996379,3.1,44,0.999585330
41.20999474,297.242293,22.88765656,3.1,44,0.999026179
51.72037932,30.221466,2.327052882,3.1,44,0.999931455
58.11418312,366.406712,28.21331682,3.1,44,0.998861194
49.15570327,259.478291,19.97982841,3.1,44,0.999153376
29.87430891,184.485,14.205345,3.1,44,0.999830127
26.72662589,713.9976,54.9778152,3.1,44,0.991342366
65.80450588,268.289641,20.65830236,3.1,44,0.999674082
58.87974914,397.93384,30.64090568,3.1,44,0.998614788
60.21227246,848.45845,65.33130065,3.1,44,0.988167703
27.32879031,393.604143,30.30751901,3.1,44,0.999134243
35.85420926,535.303342,41.21835733,3.1,44,0.995638788
48.39519822,208.841271,16.08077787,3.1,44,0.999457181
29.60567137,336.322619,25.89684166,3.1,44,0.999332726
27.32879031,324.815695,25.01080852,3.1,44,0.999475420
64.38649366,312.065263,24.02902525,3.1,44,0.999516249
58.87974914,939.833737,72.36719775,3.1,44,0.951146901
64.43395299,97.085807,7.475607139,3.1,44,0.999915719
37.14068852,688.64384,53.02557568,3.1,44,0.985574245
26.16880951,570.105287,43.8981071,3.1,44,0.997112155
26.72662589,506.243716,38.98076613,3.1,44,0.998114109
49.15570327,446.036964,34.34484623,3.1,44,0.996497095
58.44539203,92.55783,7.12695291,3.1,44,0.999891639
31.59517391,2293.540345,176.6026066,3.1,44,0.000000013
56.99462919,1020.810696,78.60242359,3.1,44,0.833843827
30.20038954,672.762156,51.80268601,3.1,44,0.991983831
13.31356604,859.632034,66.19166662,3.1,44,0.955486417
58.21978279,367.566787,28.3026426,3.1,44,0.998858094
29.91224843,1489.585209,114.6980611,3.1,44,0.000284133
38.05049986,1282.815835,98.7768193,3.1,44,0.018497886
56.4736573,1976.701151,152.2059886,3.1,44,0.000004214
32.00002671,125.065192,9.630019784,3.1,44,0.999910593
44.24100669,1658.338598,127.692072,3.1,44,0.000134390
21.99979185,60.2,4.6354,3.1,44,0.999974966
60.24846046,762.417935,58.706181,3.2,44,0.965614617
53.21607986,302.728297,23.31007887,3.2,44,0.993903577
45.72117449,304.084636,23.41451697,3.2,44,0.991866767
51.63428283,185.685643,14.29779451,3.2,44,0.997344673
32.9172836,679.337407,52.30898034,3.2,44,0.938391805
57.98035154,129.04916,9.93678532,3.2,44,0.998924196
36.3406535,1928.32545,148.4810597,3.2,44,0.000000851
55.27777225,1696.469905,130.6281827,3.2,44,0.000035183
45.36294195,2513.861808,193.5673592,3.3,44,0.000000001
40.57046879,127.520676,9.819092052,3.3,44,0.993902802
53.04121821,1695.469411,130.5511446,3.4,44,0.000002035
51.72037932,473.025588,36.42297028,3.4,44,0.498360068
65.56673473,72.579365,5.588611105,3.4,44,0.982206225
49.44710152,97.085807,7.475607139,3.4,44,0.959340870
55.35067499,492.561205,37.92721279,3.5,44,0.139899030
41.91908117,679.86259,52.34941943,3.6,44,0.023302976
35.50569323,927.649216,71.42898963,3.6,44,0.005580370
55.0742808,541.026516,41.65904173,3.6,44,0.021530172
37.73904698,229.416932,17.66510376,3.6,44,0.186327010
47.85961566,541.416982,41.68910761,3.6,44,0.017204994
61.18467044,806.816208,62.12484802,3.6,44,0.015544516
61.6857436,1337.518237,102.9889042,4.1,29,0.000969053
